Latitude,Longitude
-82.30705761616889,29.529678164371486
-82.30705761616889,29.529678164371486
-82.30705761616889,29.52962928867877
-82.30705761616889,29.529580412986054
-82.30705761616889,29.529531537293334
-82.30705761616889,29.529482661600618
-82.30705761616889,29.5294337859079
-82.30705761616889,29.5294337859079
-82.30705617506493,29.529419154133752
-82.30705190713384,29.529405084650474
-82.30704497638982,29.529392118140425
-82.30703564917748,29.529380752899314
-82.30702428393637,29.52937142568698
-82.30701131742632,29.529364494942964
-82.30699724794304,29.52936022701187
-82.3069826161689,29.529358785907903
-82.30696798439475,29.52936022701187
-82.30695391491147,29.529364494942964
-82.30694094840142,29.52937142568698
-82.30692958316031,29.529380752899314
-82.30692025594797,29.529392118140425
-82.30691332520395,29.529405084650474
-82.30690905727286,29.529419154133752
-82.30690761616889,29.5294337859079
-82.30690761616889,29.529577413733122
-82.30690761616889,29.529721041558346
-82.30690761616889,29.529864669383567
-82.30690761616889,29.53000829720879
-82.30690761616889,29.529932772510556
-82.30690761616889,29.529932772510556
-82.30690617506492,29.529947404284705
-82.30690190713383,29.529961473767983
-82.30689497638981,29.529974440278032
-82.30688564917747,29.529985805519143
-82.30687428393637,29.52999513273148
-82.30686131742631,29.530002063475493
-82.30684724794304,29.530006331406586
-82.30683261616889,29.530007772510555
-82.30681798439474,29.530006331406586
-82.30680391491147,29.530002063475493
-82.30679094840141,29.52999513273148
-82.3067795831603,29.529985805519143
-82.30677025594797,29.529974440278032
-82.30676332520395,29.529961473767983
-82.30675905727286,29.529947404284705
-82.30675761616888,29.530187380649625
-82.30675761616888,29.529932772510556
-82.30675761616888,29.529694392552827
-82.30675761616888,29.529456012595098
-82.30675761616888,29.529217632637373
-82.30675761616888,29.528979252679644
-82.30675761616888,29.528995480860985
-82.30675761616888,29.528995480860985
-82.30675617506492,29.528980849086835
-82.30675190713383,29.528966779603557
-82.30674497638981,29.52895381309351
-82.30673564917747,29.528942447852398
-82.30672428393636,29.528933120640062
-82.3067113174263,29.528926189896048
-82.30669724794303,29.528921921964955
-82.30668261616889,29.528920480860986
-82.30666798439474,29.528921921964955
-82.30665391491146,29.528926189896048
-82.30664094840141,29.528933120640062
-82.3066295831603,29.528942447852398
-82.30662025594796,29.52895381309351
-82.30661332520394,29.528966779603557
-82.30660905727285,29.528980849086835
-82.30660761616888,29.52877632833753
-82.30660761616888,29.528995480860985
-82.30660761616888,29.52932861295122
-82.30660761616888,29.52966174504145
-82.30660761616888,29.52999487713169
-82.30660761616888,29.530328009221922
-82.30660761616888,29.5304419887887
-82.30660761616888,29.5304419887887
-82.30660617506491,29.53045662056285
-82.30660190713382,29.530470690046126
-82.3065949763898,29.530483656556175
-82.30658564917746,29.530495021797286
-82.30657428393636,29.53050434900962
-82.3065613174263,29.530511279753636
-82.30654724794303,29.53051554768473
-82.30653261616888,29.530516988788698
-82.30651798439473,29.53051554768473
-82.30650391491146,29.530511279753636
-82.3064909484014,29.53050434900962
-82.3064795831603,29.530495021797286
-82.30647025594796,29.530483656556175
-82.30646332520394,29.530470690046126
-82.30645905727285,29.53045662056285
-82.30645761616887,29.530766954311748
-82.30645761616887,29.5304419887887
-82.30645761616887,29.530000033089163
-82.30645761616887,29.529558077389627
-82.30645761616887,29.529116121690095
-82.30645761616887,29.52867416599056
-82.30645761616887,29.528557175814072
-82.30645761616887,29.528557175814072
-82.30645617506491,29.528542544039922
-82.30645190713382,29.528528474556644
-82.3064449763898,29.528515508046596
-82.30643564917746,29.528504142805485
-82.30642428393635,29.52849481559315
-82.3064113174263,29.528487884849135
-82.30639724794302,29.52848361691804
-82.30638261616888,29.528482175814073
-82.30636798439473,29.52848361691804
-82.30635391491145,29.528487884849135
-82.3063409484014,29.52849481559315
-82.30632958316029,29.528504142805485
-82.30632025594795,29.528515508046596
-82.30631332520393,29.528528474556644
-82.30630905727284,29.528542544039922
-82.30630761616887,29.527947202674646
-82.30630761616887,29.528557175814072
-82.30630761616887,29.52919534364417
-82.30630761616887,29.529833511474266
-82.30630761616887,29.53047167930436
-82.30630761616887,29.531109847134456
-82.30630761616887,29.531138041825127
-82.30630761616887,29.531138041825127
-82.3063061750649,29.531152673599276
-82.30630190713381,29.531166743082554
-82.3062949763898,29.531179709592603
-82.30628564917745,29.531191074833714
-82.30627428393635,29.53120040204605
-82.30626131742629,29.531207332790064
-82.30624724794302,29.531211600721157
-82.30623261616887,29.531213041825126
-82.30621798439472,29.531211600721157
-82.30620391491145,29.531207332790064
-82.3061909484014,29.53120040204605
-82.30617958316029,29.531191074833714
-82.30617025594795,29.531179709592603
-82.30616332520393,29.531166743082554
-82.30615905727284,29.531152673599276
-82.30615761616886,29.531509129338506
-82.30615761616886,29.531138041825127
-82.30615761616886,29.530284911119452
-82.30615761616886,29.529431780413773
-82.30615761616886,29.5285786497081
-82.30615761616886,29.52772551900242
-82.30615761616886,29.527243475810124
-82.30615761616886,29.527243475810124
-82.3061561750649,29.527228844035974
-82.30615190713381,29.527214774552696
-82.30614497638979,29.527201808042648
-82.30613564917745,29.527190442801537
-82.30612428393634,29.5271811155892
-82.30611131742629,29.527174184845187
-82.30609724794301,29.527169916914094
-82.30608261616887,29.527168475810125
-82.30606798439472,29.527169916914094
-82.30605391491144,29.527174184845187
-82.30604094840139,29.5271811155892
-82.30602958316028,29.527190442801537
-82.30602025594794,29.527201808042648
-82.30601332520392,29.527214774552696
-82.30600905727283,29.527228844035974
-82.30600761616886,29.5265397489456
-82.30600761616886,29.527243475810124
-82.30600761616886,29.52831156939138
-82.30600761616886,29.529379662972637
-82.30600761616886,29.530447756553897
-82.30600761616886,29.531515850135154
-82.30600761616886,29.531880216851885
-82.30600761616886,29.531880216851885
-82.3060061750649,29.531894848626035
-82.3060019071338,29.531908918109313
-82.30599497638978,29.53192188461936
-82.30598564917744,29.531933249860472
-82.30597428393634,29.531942577072808
-82.30596131742628,29.531949507816822
-82.30594724794301,29.531953775747915
-82.30593261616886,29.531955216851884
-82.30591798439471,29.531953775747915
-82.30590391491144,29.531949507816822
-82.30589094840138,29.531942577072808
-82.30587958316028,29.531933249860472
-82.30587025594794,29.53192188461936
-82.30586332520392,29.531908918109313
-82.30585905727283,29.531894848626035
-82.30585761616885,29.532251304365264
-82.30585761616885,29.531880216851885
-82.30585761616885,29.530597160395047
-82.30585761616885,29.52931410393821
-82.30585761616885,29.528031047481374
-82.30585761616885,29.526747991024536
-82.30585761616885,29.525836022081076
-82.30585761616885,29.525836022081076
-82.30585617506489,29.525821390306927
-82.3058519071338,29.52580732082365
-82.30584497638978,29.5257943543136
-82.30583564917744,29.52578298907249
-82.30582428393633,29.525773661860153
-82.30581131742628,29.52576673111614
-82.305797247943,29.525762463185046
-82.30578261616886,29.525761022081078
-82.3057679843947,29.525762463185046
-82.30575391491143,29.52576673111614
-82.30574094840138,29.525773661860153
-82.30572958316027,29.52578298907249
-82.30572025594793,29.5257943543136
-82.30571332520391,29.52580732082365
-82.30570905727282,29.525821390306927
-82.30570761616885,29.525604016529645
-82.30570761616885,29.525836022081076
-82.30570761616885,29.527239697150875
-82.30570761616885,29.528643372220674
-82.30570761616885,29.530047047290477
-82.30570761616885,29.531450722360276
-82.30570761616885,29.532622391878643
-82.30570761616885,29.532622391878643
-82.30570617506488,29.532637023652793
-82.3057019071338,29.53265109313607
-82.30569497638977,29.53266405964612
-82.30568564917743,29.53267542488723
-82.30567428393633,29.532684752099566
-82.30566131742627,29.53269168284358
-82.305647247943,29.532695950774674
-82.30563261616885,29.532697391878642
-82.3056179843947,29.532695950774674
-82.30560391491143,29.53269168284358
-82.30559094840137,29.532684752099566
-82.30557958316027,29.53267542488723
-82.30557025594793,29.53266405964612
-82.3055633252039,29.53265109313607
-82.30555905727282,29.532637023652793
-82.30555761616884,29.53299347939202
-82.30555761616884,29.532622391878643
-82.30555761616884,29.53112068713428
-82.30555761616884,29.529618982389913
-82.30555761616884,29.52811727764555
-82.30555761616884,29.526615572901182
-82.30555761616884,29.525484955670194
-82.30555761616884,29.525484955670194
-82.30555617506488,29.525470323896045
-82.30555190713379,29.525456254412767
-82.30554497638977,29.525443287902718
-82.30553564917743,29.525431922661607
-82.30552428393632,29.52542259544927
-82.30551131742627,29.525415664705257
-82.305497247943,29.525411396774164
-82.30548261616885,29.525409955670195
-82.3054679843947,29.525411396774164
-82.30545391491142,29.525415664705257
-82.30544094840137,29.52542259544927
-82.30542958316026,29.525431922661607
-82.30542025594792,29.525443287902718
-82.3054133252039,29.525456254412767
-82.30540905727281,29.525470323896045
-82.30540761616884,29.525365894810744
-82.30540761616884,29.525484955670194
-82.30540761616884,29.52705006936543
-82.30540761616884,29.528615183060666
-82.30540761616884,29.5301802967559
-82.30540761616884,29.531745410451137
-82.30540761616884,29.533191463286922
-82.30540761616884,29.533191463286922
-82.30540617506487,29.53320609506107
-82.30540190713378,29.53322016454435
-82.30539497638976,29.5332331310544
-82.30538564917742,29.53324449629551
-82.30537428393632,29.533253823507845
-82.30536131742626,29.53326075425186
-82.30534724794299,29.533265022182952
-82.30533261616884,29.53326646328692
-82.30531798439469,29.533265022182952
-82.30530391491142,29.53326075425186
-82.30529094840136,29.533253823507845
-82.30527958316026,29.53324449629551
-82.30527025594792,29.5332331310544
-82.3052633252039,29.53322016454435
-82.3052590572728,29.53320609506107
-82.30525761616883,29.53360994967401
-82.30525761616883,29.533191463286922
-82.30525761616883,29.53151884014238
-82.30525761616883,29.529846216997836
-82.30525761616883,29.52817359385329
-82.30525761616883,29.526500970708746
-82.30525761616883,29.52524683395129
-82.30525761616883,29.52524683395129
-82.30525617506487,29.52523220217714
-82.30525190713378,29.525218132693862
-82.30524497638976,29.525205166183813
-82.30523564917742,29.525193800942702
-82.30522428393631,29.525184473730366
-82.30521131742626,29.525177542986352
-82.30519724794298,29.52517327505526
-82.30518261616884,29.52517183395129
-82.30516798439469,29.52517327505526
-82.30515391491141,29.525177542986352
-82.30514094840136,29.525184473730366
-82.30512958316025,29.525193800942702
-82.30512025594791,29.525205166183813
-82.30511332520389,29.525218132693862
-82.3051090572728,29.52523220217714
-82.30525761616883,29.533595142547544
-82.30525761616883,29.52524683395129
-82.30525761616883,29.525290484352876
-82.30525761616883,29.525334134754463
-82.30525761616883,29.525377785156046
-82.30525761616883,29.525421435557632
-82.30510761616883,29.533813394555473
-82.30510761616883,29.533813394555473
-82.30510617506486,29.533828026329623
-82.30510190713377,29.5338420958129
-82.30509497638975,29.53385506232295
-82.30508564917741,29.53386642756406
-82.3050742839363,29.533875754776396
-82.30506131742625,29.53388268552041
-82.30504724794298,29.533886953451503
-82.30503261616883,29.533888394555472
-82.30501798439468,29.533886953451503
-82.30500391491141,29.53388268552041
-82.30499094840135,29.533875754776396
-82.30497958316025,29.53386642756406
-82.30497025594791,29.53385506232295
-82.30496332520389,29.5338420958129
-82.3049590572728,29.533828026329623
-82.30495761616882,29.534016839436937
-82.30525761616883,29.533813394555473
-82.30525761616883,29.53379139420384
-82.30525761616883,29.533769393852204
-82.30525761616883,29.533747393500573
-82.30525761616883,29.533725393148938
-82.30525761616883,29.533906837678767
-82.30525761616883,29.533906837678767
-82.30525617506487,29.533892205904618
-82.30525190713378,29.53387813642134
-82.30524497638976,29.53386516991129
-82.30523564917742,29.53385380467018
-82.30522428393631,29.533844477457844
-82.30521131742626,29.53383754671383
-82.30519724794298,29.533833278782737
-82.30518261616884,29.53383183767877
-82.30516798439469,29.533833278782737
-82.30515391491141,29.53383754671383
-82.30514094840136,29.533844477457844
-82.30512958316025,29.53385380467018
-82.30512025594791,29.53386516991129
-82.30511332520389,29.53387813642134
-82.3051090572728,29.533892205904618
-82.30510761616883,29.52512777309184
-82.30510761616883,29.533906837678767
-82.30510761616883,29.53572533992408
-82.30510761616883,29.53754384216939
-82.30510761616883,29.539362344414705
-82.30510761616883,29.541180846660016
-82.30480761616882,29.5342202843184
-82.30480761616882,29.5342202843184
-82.30480617506485,29.53423491609255
-82.30480190713376,29.53424898557583
-82.30479497638974,29.534261952085878
-82.3047856491774,29.53427331732699
-82.3047742839363,29.534282644539324
-82.30476131742624,29.53428957528334
-82.30474724794297,29.53429384321443
-82.30473261616882,29.5342952843184
-82.30471798439467,29.53429384321443
-82.3047039149114,29.53428957528334
-82.30469094840134,29.534282644539324
-82.30467958316024,29.53427331732699
-82.3046702559479,29.534261952085878
-82.30466332520388,29.53424898557583
-82.30465905727279,29.53423491609255
-82.30465761616881,29.53442372919987
-82.30510761616883,29.5342202843184
-82.30510761616883,29.53407530284006
-82.30510761616883,29.533930321361716
-82.30510761616883,29.533785339883377
-82.30510761616883,29.533640358405034
-82.30510761616883,29.53369882180816
-82.30510761616883,29.53369882180816
-82.30510617506486,29.53368419003401
-82.30510190713377,29.53367012055073
-82.30509497638975,29.533657154040682
-82.30508564917741,29.53364578879957
-82.3050742839363,29.533636461587236
-82.30506131742625,29.53362953084322
-82.30504724794298,29.53362526291213
-82.30503261616883,29.53362382180816
-82.30501798439468,29.53362526291213
-82.30500391491141,29.53362953084322
-82.30499094840135,29.533636461587236
-82.30497958316025,29.53364578879957
-82.30497025594791,29.533657154040682
-82.30496332520389,29.53367012055073
-82.3049590572728,29.53368419003401
-82.30510761616883,29.533784389375935
-82.30510761616883,29.53369882180816
-82.30510761616883,29.53386737874924
-82.30510761616883,29.53403593569032
-82.30510761616883,29.534204492631396
-82.30510761616883,29.534373049572476
-82.3045076161688,29.534627174081333
-82.3045076161688,29.534627174081333
-82.30450617506484,29.534641805855482
-82.30450190713375,29.53465587533876
-82.30449497638973,29.53466884184881
-82.3044856491774,29.53468020708992
-82.30447428393629,29.534689534302256
-82.30446131742623,29.53469646504627
-82.30444724794296,29.534700732977363
-82.30443261616881,29.534702174081332
-82.30441798439466,29.534700732977363
-82.30440391491139,29.53469646504627
-82.30439094840133,29.534689534302256
-82.30437958316023,29.53468020708992
-82.30437025594789,29.53466884184881
-82.30436332520387,29.53465587533876
-82.30435905727278,29.534641805855482
-82.3043576161688,29.534830618962797
-82.30495761616882,29.534627174081333
-82.30495761616882,29.532662792735252
-82.30495761616882,29.530698411389167
-82.30495761616882,29.528734030043086
-82.30495761616882,29.526769648697
-82.30495761616882,29.525008712232385
-82.30495761616882,29.525008712232385
-82.30495617506486,29.524994080458235
-82.30495190713377,29.524980010974957
-82.30494497638975,29.52496704446491
-82.30493564917741,29.524955679223797
-82.3049242839363,29.52494635201146
-82.30491131742625,29.524939421267447
-82.30489724794298,29.524935153336354
-82.30488261616883,29.524933712232386
-82.30486798439468,29.524935153336354
-82.3048539149114,29.524939421267447
-82.30484094840135,29.52494635201146
-82.30482958316024,29.524955679223797
-82.3048202559479,29.52496704446491
-82.30481332520388,29.524980010974957
-82.30480905727279,29.524994080458235
-82.30480761616882,29.524889651372934
-82.30480761616882,29.525008712232385
-82.30480761616882,29.525126416049247
-82.30480761616882,29.525244119866112
-82.30480761616882,29.525361823682974
-82.30480761616882,29.52547952749984
-82.3042076161688,29.524301132288617
-82.3042076161688,29.524301132288617
-82.30420617506483,29.524315764062766
-82.30420190713374,29.524329833546044
-82.30419497638972,29.524342800056093
-82.30418564917738,29.524354165297204
-82.30417428393628,29.52436349250954
-82.30416131742622,29.524370423253554
-82.30414724794295,29.524374691184647
-82.3041326161688,29.524376132288616
-82.30411798439465,29.524374691184647
-82.30410391491138,29.524370423253554
-82.30409094840132,29.52436349250954
-82.30407958316022,29.524354165297204
-82.30407025594788,29.524342800056093
-82.30406332520386,29.524329833546044
-82.30405905727277,29.524315764062766
-82.30405761616879,29.524253533968487
-82.30465761616881,29.524301132288617
-82.30465761616881,29.52419772097962
-82.30465761616881,29.52409430967062
-82.30465761616881,29.52399089836162
-82.30465761616881,29.523887487052622
-82.30465761616881,29.52477059051348
-82.30465761616881,29.52477059051348
-82.30465617506485,29.52475595873933
-82.30465190713376,29.524741889256052
-82.30464497638974,29.524728922746004
-82.3046356491774,29.524717557504893
-82.30462428393629,29.524708230292557
-82.30461131742624,29.524701299548543
-82.30459724794297,29.52469703161745
-82.30458261616882,29.52469559051348
-82.30456798439467,29.52469703161745
-82.3045539149114,29.524701299548543
-82.30454094840134,29.524708230292557
-82.30452958316023,29.524717557504893
-82.30452025594789,29.524728922746004
-82.30451332520387,29.524741889256052
-82.30450905727278,29.52475595873933
-82.3045076161688,29.524696328928883
-82.3045076161688,29.52477059051348
-82.3045076161688,29.524868669169585
-82.3045076161688,29.52496674782569
-82.3045076161688,29.5250648264818
-82.3045076161688,29.525162905137904
-82.30390761616879,29.524205935648354
-82.30390761616879,29.524205935648354
-82.30390617506482,29.524220567422503
-82.30390190713373,29.52423463690578
-82.30389497638971,29.52424760341583
-82.30388564917737,29.52425896865694
-82.30387428393627,29.524268295869277
-82.30386131742621,29.52427522661329
-82.30384724794294,29.524279494544384
-82.30383261616879,29.524280935648353
-82.30381798439464,29.524279494544384
-82.30380391491137,29.52427522661329
-82.30379094840131,29.524268295869277
-82.3037795831602,29.52425896865694
-82.30377025594787,29.52424760341583
-82.30376332520385,29.52423463690578
-82.30375905727276,29.524220567422503
-82.30375761616878,29.524158337328224
-82.3043576161688,29.524205935648354
-82.3043576161688,29.52410785699225
-82.3043576161688,29.524009778336143
-82.3043576161688,29.52391169968004
-82.3043576161688,29.523813621023933
-82.3043576161688,29.52464873060875
-82.3043576161688,29.52464873060875
-82.30435617506484,29.5246340988346
-82.30435190713375,29.524620029351322
-82.30434497638973,29.524607062841273
-82.30433564917739,29.524595697600162
-82.30432428393628,29.524586370387826
-82.30431131742623,29.524579439643812
-82.30429724794296,29.52457517171272
-82.3042826161688,29.52457373060875
-82.30426798439466,29.52457517171272
-82.30425391491138,29.524579439643812
-82.30424094840133,29.524586370387826
-82.30422958316022,29.524595697600162
-82.30422025594788,29.524607062841273
-82.30421332520386,29.524620029351322
-82.30420905727277,29.5246340988346
-82.3043576161688,29.5351306189628
-82.3043576161688,29.52464873060875
-82.3043576161688,29.52685270659969
-82.3043576161688,29.52905668259063
-82.3043576161688,29.531260658581576
-82.3043576161688,29.533464634572518
-82.30360761616878,29.52411073900809
-82.30360761616878,29.52411073900809
-82.30360617506481,29.52412537078224
-82.30360190713373,29.524139440265518
-82.3035949763897,29.524152406775567
-82.30358564917736,29.524163772016678
-82.30357428393626,29.524173099229014
-82.3035613174262,29.524180029973028
-82.30354724794293,29.52418429790412
-82.30353261616878,29.52418573900809
-82.30351798439463,29.52418429790412
-82.30350391491136,29.524180029973028
-82.3034909484013,29.524173099229014
-82.3034795831602,29.524163772016678
-82.30347025594786,29.524152406775567
-82.30346332520384,29.524139440265518
-82.30345905727275,29.52412537078224
-82.30345761616877,29.52406314068796
-82.3042076161688,29.52411073900809
-82.3042076161688,29.52188749925572
-82.3042076161688,29.519664259503344
-82.3042076161688,29.517441019750972
-82.3042076161688,29.515217779998597
-82.3042076161688,29.535179339449826
-82.3042076161688,29.535179339449826
-82.30420617506483,29.535164707675676
-82.30420190713374,29.5351506381924
-82.30419497638972,29.53513767168235
-82.30418564917738,29.53512630644124
-82.30417428393628,29.535116979228903
-82.30416131742622,29.53511004848489
-82.30414724794295,29.535105780553796
-82.3041326161688,29.535104339449827
-82.30411798439465,29.535105780553796
-82.30410391491138,29.53511004848489
-82.30409094840132,29.535116979228903
-82.30407958316022,29.53512630644124
-82.30407025594788,29.53513767168235
-82.30406332520386,29.5351506381924
-82.30405905727277,29.535164707675676
-82.30405761616879,29.53522805993685
-82.30405761616879,29.535179339449826
-82.30405761616879,29.537421842963628
-82.30405761616879,29.539664346477434
-82.30405761616879,29.541906849991236
-82.30405761616879,29.54414935350504
-82.30330761616877,29.52401554236783
-82.30330761616877,29.52401554236783
-82.3033061750648,29.52403017414198
-82.30330190713372,29.52404424362526
-82.3032949763897,29.524057210135307
-82.30328564917735,29.52406857537642
-82.30327428393625,29.524077902588754
-82.30326131742619,29.52408483333277
-82.30324724794292,29.52408910126386
-82.30323261616877,29.52409054236783
-82.30321798439462,29.52408910126386
-82.30320391491135,29.52408483333277
-82.3031909484013,29.524077902588754
-82.30317958316019,29.52406857537642
-82.30317025594785,29.524057210135307
-82.30316332520383,29.52404424362526
-82.30315905727274,29.52403017414198
-82.30315761616876,29.523967944047698
-82.30390761616879,29.52401554236783
-82.30390761616879,29.521753775092595
-82.30390761616879,29.51949200781736
-82.30390761616879,29.517230240542126
-82.30390761616879,29.51496847326689
-82.30390761616879,29.535276780423874
-82.30390761616879,29.535276780423874
-82.30390617506482,29.535262148649725
-82.30390190713373,29.535248079166447
-82.30389497638971,29.535235112656398
-82.30388564917737,29.535223747415287
-82.30387428393627,29.53521442020295
-82.30386131742621,29.535207489458937
-82.30384724794294,29.535203221527844
-82.30383261616879,29.535201780423876
-82.30381798439464,29.535203221527844
-82.30380391491137,29.535207489458937
-82.30379094840131,29.53521442020295
-82.3037795831602,29.535223747415287
-82.30377025594787,29.535235112656398
-82.30376332520385,29.535248079166447
-82.30375905727276,29.535262148649725
-82.30375761616878,29.5353255009109
-82.30375761616878,29.535276780423874
-82.30375761616878,29.53755781146054
-82.30375761616878,29.539838842497208
-82.30375761616878,29.542119873533874
-82.30375761616878,29.54440090457054
-82.30300761616876,29.523920345727568
-82.30300761616876,29.523920345727568
-82.3030061750648,29.523934977501717
-82.3030019071337,29.523949046984995
-82.30299497638968,29.523962013495044
-82.30298564917734,29.523973378736155
-82.30297428393624,29.52398270594849
-82.30296131742618,29.523989636692505
-82.30294724794291,29.523993904623598
-82.30293261616876,29.523995345727567
-82.30291798439461,29.523993904623598
-82.30290391491134,29.523989636692505
-82.30289094840128,29.52398270594849
-82.30287958316018,29.523973378736155
-82.30287025594784,29.523962013495044
-82.30286332520382,29.523949046984995
-82.30285905727273,29.523934977501717
-82.30285761616875,29.523872747407435
-82.30360761616878,29.523920345727568
-82.30360761616878,29.52162005092947
-82.30360761616878,29.519319756131374
-82.30360761616878,29.517019461333273
-82.30360761616878,29.514719166535176
-82.30360761616878,29.535374221397923
-82.30360761616878,29.535374221397923
-82.30360617506481,29.535359589623774
-82.30360190713373,29.535345520140496
-82.3035949763897,29.535332553630447
-82.30358564917736,29.535321188389336
-82.30357428393626,29.535311861177
-82.3035613174262,29.535304930432986
-82.30354724794293,29.535300662501893
-82.30353261616878,29.535299221397924
-82.30351798439463,29.535300662501893
-82.30350391491136,29.535304930432986
-82.3034909484013,29.535311861177
-82.3034795831602,29.535321188389336
-82.30347025594786,29.535332553630447
-82.30346332520384,29.535345520140496
-82.30345905727275,29.535359589623774
-82.30345761616877,29.53542294188495
-82.30345761616877,29.535374221397923
-82.30345761616877,29.53769010113993
-82.30345761616877,29.540005980881936
-82.30345761616877,29.54232186062394
-82.30345761616877,29.544637740365946
-82.30270761616875,29.52384354317492
-82.30270761616875,29.52384354317492
-82.30270617506478,29.52385817494907
-82.3027019071337,29.523872244432347
-82.30269497638967,29.523885210942396
-82.30268564917733,29.523896576183507
-82.30267428393623,29.523905903395843
-82.30266131742617,29.523912834139857
-82.3026472479429,29.52391710207095
-82.30263261616875,29.52391854317492
-82.3026179843946,29.52391710207095
-82.30260391491133,29.523912834139857
-82.30259094840127,29.523905903395843
-82.30257958316017,29.523896576183507
-82.30257025594783,29.523885210942396
-82.3025633252038,29.523872244432347
-82.30255905727272,29.52385817494907
-82.30255761616874,29.52384012552528
-82.30330761616877,29.52384354317492
-82.30330761616877,29.52151723580558
-82.30330761616877,29.51919092843624
-82.30330761616877,29.5168646210669
-82.30330761616877,29.514538313697564
-82.30330761616877,29.535471662371975
-82.30330761616877,29.535471662371975
-82.3033061750648,29.535457030597826
-82.30330190713372,29.535442961114548
-82.3032949763897,29.5354299946045
-82.30328564917735,29.535418629363388
-82.30327428393625,29.535409302151052
-82.30326131742619,29.535402371407038
-82.30324724794292,29.535398103475945
-82.30323261616877,29.535396662371976
-82.30321798439462,29.535398103475945
-82.30320391491135,29.535402371407038
-82.3031909484013,29.535409302151052
-82.30317958316019,29.535418629363388
-82.30317025594785,29.5354299946045
-82.30316332520383,29.535442961114548
-82.30315905727274,29.535457030597826
-82.30315761616876,29.535520382858998
-82.30315761616876,29.535471662371975
-82.30315761616876,29.537808397368646
-82.30315761616876,29.540145132365318
-82.30315761616876,29.542481867361992
-82.30315761616876,29.544818602358664
-82.30240761616874,29.52383670787564
-82.30240761616874,29.52383670787564
-82.30240617506477,29.523851339649788
-82.30240190713369,29.523865409133066
-82.30239497638966,29.523878375643115
-82.30238564917732,29.523889740884226
-82.30237428393622,29.52389906809656
-82.30236131742616,29.523905998840576
-82.30234724794289,29.52391026677167
-82.30233261616874,29.523911707875637
-82.30231798439459,29.52391026677167
-82.30230391491132,29.523905998840576
-82.30229094840126,29.52389906809656
-82.30227958316016,29.523889740884226
-82.30227025594782,29.523878375643115
-82.3022633252038,29.523865409133066
-82.3022590572727,29.523851339649788
-82.30225761616873,29.523833290225998
-82.30300761616876,29.52383670787564
-82.30300761616876,29.521489545251633
-82.30300761616876,29.519142382627628
-82.30300761616876,29.516795220003623
-82.30300761616876,29.514448057379617
-82.30300761616876,29.535569103346024
-82.30300761616876,29.535569103346024
-82.3030061750648,29.535554471571874
-82.3030019071337,29.535540402088596
-82.30299497638968,29.535527435578548
-82.30298564917734,29.535516070337437
-82.30297428393624,29.5355067431251
-82.30296131742618,29.535499812381087
-82.30294724794291,29.535495544449994
-82.30293261616876,29.535494103346025
-82.30291798439461,29.535495544449994
-82.30290391491134,29.535499812381087
-82.30289094840128,29.5355067431251
-82.30287958316018,29.535516070337437
-82.30287025594784,29.535527435578548
-82.30286332520382,29.535540402088596
-82.30285905727273,29.535554471571874
-82.30285761616875,29.535631830543515
-82.30285761616875,29.535569103346024
-82.30285761616875,29.537929494939455
-82.30285761616875,29.540289886532886
-82.30285761616875,29.54265027812632
-82.30285761616875,29.54501066971975
-82.30210761616873,29.523829872576357
-82.30210761616873,29.523829872576357
-82.30210617506476,29.523844504350507
-82.30210190713368,29.523858573833785
-82.30209497638965,29.523871540343833
-82.30208564917731,29.523882905584944
-82.30207428393621,29.52389223279728
-82.30206131742615,29.523899163541294
-82.30204724794288,29.523903431472387
-82.30203261616873,29.523904872576356
-82.30201798439458,29.523903431472387
-82.30200391491131,29.523899163541294
-82.30199094840125,29.52389223279728
-82.30197958316015,29.523882905584944
-82.30197025594781,29.523871540343833
-82.30196332520379,29.523858573833785
-82.3019590572727,29.523844504350507
-82.30195761616872,29.52382645492672
-82.30270761616875,29.523829872576357
-82.30270761616875,29.52144658780807
-82.30270761616875,29.519063303039783
-82.30270761616875,29.516680018271497
-82.30270761616875,29.51429673350321
-82.30270761616875,29.535742878768154
-82.30270761616875,29.535742878768154
-82.30270617506478,29.535728246994005
-82.3027019071337,29.535714177510727
-82.30269497638967,29.535701211000678
-82.30268564917733,29.535689845759567
-82.30267428393623,29.53568051854723
-82.30266131742617,29.535673587803217
-82.3026472479429,29.535669319872124
-82.30263261616875,29.535667878768155
-82.3026179843946,29.535669319872124
-82.30260391491133,29.535673587803217
-82.30259094840127,29.53568051854723
-82.30257958316017,29.535689845759567
-82.30257025594783,29.535701211000678
-82.3025633252038,29.535714177510727
-82.30255905727272,29.535728246994005
-82.30255761616874,29.535853926992793
-82.30255761616874,29.535742878768154
-82.30255761616874,29.538149056711298
-82.30255761616874,29.54055523465444
-82.30255761616874,29.54296141259758
-82.30255761616874,29.545367590540724
-82.30180761616872,29.52382303727708
-82.30180761616872,29.52382303727708
-82.30180617506475,29.52383766905123
-82.30180190713367,29.523851738534507
-82.30179497638964,29.523864705044556
-82.3017856491773,29.523876070285667
-82.3017742839362,29.523885397498002
-82.30176131742614,29.523892328242017
-82.30174724794287,29.52389659617311
-82.30173261616872,29.52389803727708
-82.30171798439457,29.52389659617311
-82.3017039149113,29.523892328242017
-82.30169094840124,29.523885397498002
-82.30167958316014,29.523876070285667
-82.3016702559478,29.523864705044556
-82.30166332520378,29.523851738534507
-82.30165905727269,29.52383766905123
-82.30165761616871,29.52381961962744
-82.30240761616874,29.52382303727708
-82.30240761616874,29.52139396615908
-82.30240761616874,29.518964895041083
-82.30240761616874,29.516535823923082
-82.30240761616874,29.514106752805084
-82.30240761616874,29.535964975217432
-82.30240761616874,29.535964975217432
-82.30240617506477,29.535950343443282
-82.30240190713369,29.535936273960004
-82.30239497638966,29.535923307449956
-82.30238564917732,29.535911942208845
-82.30237428393622,29.53590261499651
-82.30236131742616,29.535895684252495
-82.30234724794289,29.5358914163214
-82.30233261616874,29.535889975217433
-82.30231798439459,29.5358914163214
-82.30230391491132,29.535895684252495
-82.30229094840126,29.53590261499651
-82.30227958316016,29.535911942208845
-82.30227025594782,29.535923307449956
-82.3022633252038,29.535936273960004
-82.3022590572727,29.535950343443282
-82.30225761616873,29.53607602344207
-82.30225761616873,29.535964975217432
-82.30225761616873,29.538416939510288
-82.30225761616873,29.54086890380314
-82.30225761616873,29.543320868095996
-82.30225761616873,29.54577283238885
-82.3015076161687,29.523816201977798
-82.3015076161687,29.523816201977798
-82.30150617506474,29.523830833751948
-82.30150190713366,29.523844903235226
-82.30149497638963,29.523857869745274
-82.3014856491773,29.523869234986385
-82.30147428393619,29.52387856219872
-82.30146131742613,29.523885492942735
-82.30144724794286,29.52388976087383
-82.30143261616871,29.523891201977797
-82.30141798439456,29.52388976087383
-82.30140391491129,29.523885492942735
-82.30139094840123,29.52387856219872
-82.30137958316013,29.523869234986385
-82.30137025594779,29.523857869745274
-82.30136332520377,29.523844903235226
-82.30135905727268,29.523830833751948
-82.3013576161687,29.523812784328157
-82.30210761616873,29.523816201977798
-82.30210761616873,29.521341344510088
-82.30210761616873,29.518866487042377
-82.30210761616873,29.516391629574667
-82.30210761616873,29.513916772106956
-82.30210761616873,29.53618707166671
-82.30210761616873,29.53618707166671
-82.30210617506476,29.53617243989256
-82.30210190713368,29.536158370409282
-82.30209497638965,29.536145403899233
-82.30208564917731,29.536134038658123
-82.30207428393621,29.536124711445787
-82.30206131742615,29.536117780701773
-82.30204724794288,29.53611351277068
-82.30203261616873,29.53611207166671
-82.30201798439458,29.53611351277068
-82.30200391491131,29.536117780701773
-82.30199094840125,29.536124711445787
-82.30197958316015,29.536134038658123
-82.30197025594781,29.536145403899233
-82.30196332520379,29.536158370409282
-82.3019590572727,29.53617243989256
-82.30195761616872,29.536298119891345
-82.30195761616872,29.53618707166671
-82.30195761616872,29.538688528044826
-82.30195761616872,29.541189984422942
-82.30195761616872,29.543691440801062
-82.30195761616872,29.54619289717918
-82.3012076161687,29.52379083800076
-82.3012076161687,29.52379083800076
-82.30120617506473,29.52380546977491
-82.30120190713365,29.523819539258188
-82.30119497638962,29.523832505768237
-82.30118564917728,29.523843871009348
-82.30117428393618,29.523853198221683
-82.30116131742612,29.523860128965698
-82.30114724794285,29.52386439689679
-82.3011326161687,29.52386583800076
-82.30111798439455,29.52386439689679
-82.30110391491128,29.523860128965698
-82.30109094840122,29.523853198221683
-82.30107958316012,29.523843871009348
-82.30107025594778,29.523832505768237
-82.30106332520376,29.523819539258188
-82.30105905727267,29.52380546977491
-82.30105761616869,29.523631751615877
-82.30180761616872,29.52379083800076
-82.30180761616872,29.52123535470074
-82.30180761616872,29.518679871400717
-82.30180761616872,29.516124388100696
-82.30180761616872,29.513568904800675
-82.30180761616872,29.536409168115984
-82.30180761616872,29.536409168115984
-82.30180617506475,29.536394536341835
-82.30180190713367,29.536380466858557
-82.30179497638964,29.536367500348508
-82.3017856491773,29.536356135107397
-82.3017742839362,29.53634680789506
-82.30176131742614,29.536339877151047
-82.30174724794287,29.536335609219954
-82.30173261616872,29.536334168115985
-82.30171798439457,29.536335609219954
-82.3017039149113,29.536339877151047
-82.30169094840124,29.53634680789506
-82.30167958316014,29.536356135107397
-82.3016702559478,29.536367500348508
-82.30166332520378,29.536380466858557
-82.30165905727269,29.536394536341835
-82.30165761616871,29.536520216340623
-82.30165761616871,29.536409168115984
-82.30165761616871,29.53899173117123
-82.30165761616871,29.541574294226475
-82.30165761616871,29.544156857281724
-82.30165761616871,29.54673942033697
-82.30090761616869,29.523607401064393
-82.30090761616869,29.523607401064393
-82.30090617506472,29.523622032838542
-82.30090190713364,29.52363610232182
-82.30089497638961,29.52364906883187
-82.30088564917727,29.52366043407298
-82.30087428393617,29.523669761285316
-82.30086131742611,29.52367669202933
-82.30084724794284,29.523680959960423
-82.30083261616869,29.52368240106439
-82.30081798439454,29.523680959960423
-82.30080391491127,29.52367669202933
-82.30079094840121,29.523669761285316
-82.30077958316011,29.52366043407298
-82.30077025594777,29.52364906883187
-82.30076332520375,29.52363610232182
-82.30075905727266,29.523622032838542
-82.30075761616868,29.52358305051291
-82.3015076161687,29.523607401064393
-82.3015076161687,29.520997758253923
-82.3015076161687,29.518388115443454
-82.3015076161687,29.51577847263298
-82.3015076161687,29.51316882982251
-82.3015076161687,29.536631264565262
-82.3015076161687,29.536631264565262
-82.30150617506474,29.536616632791112
-82.30150190713366,29.536602563307834
-82.30149497638963,29.536589596797786
-82.3014856491773,29.536578231556675
-82.30147428393619,29.53656890434434
-82.30146131742613,29.536561973600325
-82.30144724794286,29.53655770566923
-82.30143261616871,29.536556264565263
-82.30141798439456,29.53655770566923
-82.30140391491129,29.536561973600325
-82.30139094840123,29.53656890434434
-82.30137958316013,29.536578231556675
-82.30137025594779,29.536589596797786
-82.30136332520377,29.536602563307834
-82.30135905727268,29.536616632791112
-82.3013576161687,29.5367423127899
-82.3013576161687,29.536631264565262
-82.3013576161687,29.539267987130955
-82.3013576161687,29.541904709696652
-82.3013576161687,29.544541432262346
-82.3013576161687,29.547178154828043
-82.30060761616868,29.523558699961427
-82.30060761616868,29.523558699961427
-82.30060617506471,29.523573331735577
-82.30060190713363,29.523587401218855
-82.3005949763896,29.523600367728903
-82.30058564917726,29.523611732970014
-82.30057428393616,29.52362106018235
-82.3005613174261,29.523627990926364
-82.30054724794283,29.523632258857457
-82.30053261616868,29.523633699961426
-82.30051798439453,29.523632258857457
-82.30050391491126,29.523627990926364
-82.3004909484012,29.52362106018235
-82.3004795831601,29.523611732970014
-82.30047025594776,29.523600367728903
-82.30046332520374,29.523587401218855
-82.30045905727265,29.523573331735577
-82.30045761616867,29.523642866692235
-82.3012076161687,29.523558699961427
-82.3012076161687,29.520916601096967
-82.3012076161687,29.518274502232508
-82.3012076161687,29.515632403368045
-82.3012076161687,29.512990304503585
-82.3012076161687,29.536853361014536
-82.3012076161687,29.536853361014536
-82.30120617506473,29.536838729240387
-82.30120190713365,29.53682465975711
-82.30119497638962,29.53681169324706
-82.30118564917728,29.53680032800595
-82.30117428393618,29.536791000793613
-82.30116131742612,29.5367840700496
-82.30114724794285,29.536779802118506
-82.3011326161687,29.536778361014537
-82.30111798439455,29.536779802118506
-82.30110391491128,29.5367840700496
-82.30109094840122,29.536791000793613
-82.30107958316012,29.53680032800595
-82.30107025594778,29.53681169324706
-82.30106332520376,29.53682465975711
-82.30105905727267,29.536838729240387
-82.30105761616869,29.536964409239175
-82.30105761616869,29.536853361014536
-82.30105761616869,29.539497083911336
-82.30105761616869,29.54214080680813
-82.30105761616869,29.54478452970493
-82.30105761616869,29.547428252601726
-82.30030761616867,29.523745794755186
-82.30030761616867,29.523745794755186
-82.3003061750647,29.523760426529336
-82.30030190713362,29.523774496012614
-82.3002949763896,29.523787462522662
-82.30028564917725,29.523798827763773
-82.30027428393615,29.52380815497611
-82.30026131742609,29.523815085720123
-82.30024724794282,29.523819353651216
-82.30023261616867,29.523820794755185
-82.30021798439452,29.523819353651216
-82.30020391491125,29.523815085720123
-82.3001909484012,29.52380815497611
-82.30017958316009,29.523798827763773
-82.30017025594775,29.523787462522662
-82.30016332520373,29.523774496012614
-82.30015905727264,29.523760426529336
-82.30015761616866,29.523802530119003
-82.30090761616869,29.523745794755186
-82.30090761616869,29.52110239427689
-82.30090761616869,29.518458993798596
-82.30090761616869,29.515815593320305
-82.30090761616869,29.51317219284201
-82.30090761616869,29.537019532510474
-82.30090761616869,29.537019532510474
-82.30090617506472,29.537004900736324
-82.30090190713364,29.536990831253046
-82.30089497638961,29.536977864742997
-82.30088564917727,29.536966499501887
-82.30087428393617,29.53695717228955
-82.30086131742611,29.536950241545536
-82.30084724794284,29.536945973614444
-82.30083261616869,29.536944532510475
-82.30081798439454,29.536945973614444
-82.30080391491127,29.536950241545536
-82.30079094840121,29.53695717228955
-82.30077958316011,29.536966499501887
-82.30077025594777,29.536977864742997
-82.30076332520375,29.536990831253046
-82.30075905727266,29.537004900736324
-82.30075761616868,29.537047828849172
-82.30075761616868,29.537019532510474
-82.30075761616868,29.539663143477902
-82.30075761616868,29.542306754445335
-82.30075761616868,29.544950365412763
-82.30075761616868,29.547593976380195
-82.30000761616866,29.52382977401202
-82.30000761616866,29.52382977401202
-82.3000061750647,29.52384440578617
-82.3000019071336,29.52385847526945
-82.29999497638958,29.523871441779498
-82.29998564917724,29.52388280702061
-82.29997428393614,29.523892134232945
-82.29996131742608,29.52389906497696
-82.29994724794281,29.523903332908052
-82.29993261616866,29.52390477401202
-82.29991798439451,29.523903332908052
-82.29990391491124,29.52389906497696
-82.29989094840118,29.523892134232945
-82.29987958316008,29.52388280702061
-82.29987025594774,29.523871441779498
-82.29986332520372,29.52385847526945
-82.29985905727263,29.52384440578617
-82.29985761616865,29.523857017905037
-82.30060761616868,29.52382977401202
-82.30060761616868,29.521185952555456
-82.30060761616868,29.51854213109889
-82.30060761616868,29.515898309642324
-82.30060761616868,29.51325448818576
-82.30060761616868,29.537076125187866
-82.30060761616868,29.537076125187866
-82.30060617506471,29.537061493413717
-82.30060190713363,29.53704742393044
-82.3005949763896,29.53703445742039
-82.30058564917726,29.53702309217928
-82.30057428393616,29.537013764966943
-82.3005613174261,29.53700683422293
-82.30054724794283,29.537002566291836
-82.30053261616868,29.537001125187867
-82.30051798439453,29.537002566291836
-82.30050391491126,29.53700683422293
-82.3004909484012,29.537013764966943
-82.3004795831601,29.53702309217928
-82.30047025594776,29.53703445742039
-82.30046332520374,29.53704742393044
-82.30045905727265,29.537061493413717
-82.30045761616867,29.537104421526564
-82.30045761616867,29.537076125187866
-82.30045761616867,29.53972015713357
-82.30045761616867,29.54236418907927
-82.30045761616867,29.545008221024972
-82.30045761616867,29.54765225297067
-82.29970761616865,29.523884261798056
-82.29970761616865,29.523884261798056
-82.29970617506468,29.523898893572206
-82.2997019071336,29.523912963055484
-82.29969497638957,29.523925929565532
-82.29968564917723,29.523937294806643
-82.29967428393613,29.52394662201898
-82.29966131742607,29.523953552762993
-82.2996472479428,29.523957820694086
-82.29963261616865,29.523959261798055
-82.2996179843945,29.523957820694086
-82.29960391491123,29.523953552762993
-82.29959094840117,29.52394662201898
-82.29957958316007,29.523937294806643
-82.29957025594773,29.523925929565532
-82.2995633252037,29.523912963055484
-82.29955905727262,29.523898893572206
-82.29955761616864,29.52391150569107
-82.30030761616867,29.523884261798056
-82.30030761616867,29.52124001936322
-82.30030761616867,29.518595776928382
-82.30030761616867,29.515951534493542
-82.30030761616867,29.513307292058705
-82.30030761616867,29.53713271786526
-82.30030761616867,29.53713271786526
-82.3003061750647,29.53711808609111
-82.30030190713362,29.53710401660783
-82.3002949763896,29.537091050097782
-82.30028564917725,29.53707968485667
-82.30027428393615,29.537070357644335
-82.30026131742609,29.53706342690032
-82.30024724794282,29.537059158969228
-82.30023261616867,29.53705771786526
-82.30021798439452,29.537059158969228
-82.30020391491125,29.53706342690032
-82.3001909484012,29.537070357644335
-82.30017958316009,29.53707968485667
-82.30017025594775,29.537091050097782
-82.30016332520373,29.53710401660783
-82.30015905727264,29.53711808609111
-82.30015761616866,29.537161014203956
-82.30015761616866,29.53713271786526
-82.30015761616866,29.539777170789232
-82.30015761616866,29.542421623713206
-82.30015761616866,29.545066076637177
-82.30015761616866,29.54771052956115
-82.29940761616864,29.52393874958409
-82.29940761616864,29.52393874958409
-82.29940617506468,29.52395338135824
-82.29940190713359,29.523967450841518
-82.29939497638956,29.523980417351567
-82.29938564917722,29.523991782592677
-82.29937428393612,29.524001109805013
-82.29936131742606,29.524008040549027
-82.29934724794279,29.52401230848012
-82.29933261616864,29.52401374958409
-82.29931798439449,29.52401230848012
-82.29930391491122,29.524008040549027
-82.29929094840116,29.524001109805013
-82.29927958316006,29.523991782592677
-82.29927025594772,29.523980417351567
-82.2992633252037,29.523967450841518
-82.29925905727261,29.52395338135824
-82.29925761616863,29.523965993477105
-82.30000761616866,29.52393874958409
-82.30000761616866,29.521294086170982
-82.30000761616866,29.51864942275787
-82.30000761616866,29.516004759344764
-82.30000761616866,29.513360095931652
-82.30000761616866,29.53718931054265
-82.30000761616866,29.53718931054265
-82.3000061750647,29.5371746787685
-82.3000019071336,29.537160609285223
-82.29999497638958,29.537147642775174
-82.29998564917724,29.537136277534064
-82.29997428393614,29.537126950321728
-82.29996131742608,29.537120019577713
-82.29994724794281,29.53711575164662
-82.29993261616866,29.537114310542652
-82.29991798439451,29.53711575164662
-82.29990391491124,29.537120019577713
-82.29989094840118,29.537126950321728
-82.29987958316008,29.537136277534064
-82.29987025594774,29.537147642775174
-82.29986332520372,29.537160609285223
-82.29985905727263,29.5371746787685
-82.29985761616865,29.53721760688135
-82.29985761616865,29.53718931054265
-82.29985761616865,29.53981468820359
-82.29985761616865,29.542440065864536
-82.29985761616865,29.545065443525477
-82.29985761616865,29.54769082118642
-82.29910761616863,29.524090718576637
-82.29910761616863,29.524090718576637
-82.29910617506467,29.524105350350787
-82.29910190713358,29.524119419834065
-82.29909497638955,29.524132386344114
-82.29908564917721,29.524143751585225
-82.29907428393611,29.52415307879756
-82.29906131742605,29.524160009541575
-82.29904724794278,29.524164277472668
-82.29903261616863,29.524165718576636
-82.29901798439448,29.524164277472668
-82.29900391491121,29.524160009541575
-82.29899094840115,29.52415307879756
-82.29897958316005,29.524143751585225
-82.29897025594771,29.524132386344114
-82.29896332520369,29.524119419834065
-82.2989590572726,29.524105350350787
-82.29895761616862,29.524218835457788
-82.29970761616865,29.524090718576637
-82.29970761616865,29.521485305024186
-82.29970761616865,29.518879891471734
-82.29970761616865,29.516274477919286
-82.29970761616865,29.513669064366834
-82.29970761616865,29.537245903220043
-82.29970761616865,29.537245903220043
-82.29970617506468,29.537231271445894
-82.2997019071336,29.537217201962616
-82.29969497638957,29.537204235452567
-82.29968564917723,29.537192870211456
-82.29967428393613,29.53718354299912
-82.29966131742607,29.537176612255106
-82.2996472479428,29.537172344324013
-82.29963261616865,29.537170903220044
-82.2996179843945,29.537172344324013
-82.29960391491123,29.537176612255106
-82.29959094840117,29.53718354299912
-82.29957958316007,29.537192870211456
-82.29957025594773,29.537204235452567
-82.2995633252037,29.537217201962616
-82.29955905727262,29.537231271445894
-82.29955761616864,29.5371663636662
-82.29955761616864,29.537245903220043
-82.29955761616864,29.539809785485495
-82.29955761616864,29.542373667750947
-82.29955761616864,29.5449375500164
-82.29955761616864,29.54750143228185
-82.29880761616862,29.524346952338938
-82.29880761616862,29.524346952338938
-82.29880617506466,29.524361584113088
-82.29880190713357,29.524375653596366
-82.29879497638954,29.524388620106414
-82.2987856491772,29.524399985347525
-82.2987742839361,29.52440931255986
-82.29876131742604,29.524416243303875
-82.29874724794277,29.52442051123497
-82.29873261616862,29.524421952338937
-82.29871798439447,29.52442051123497
-82.2987039149112,29.524416243303875
-82.29869094840114,29.52440931255986
-82.29867958316004,29.524399985347525
-82.2986702559477,29.524388620106414
-82.29866332520368,29.524375653596366
-82.29865905727259,29.524361584113088
-82.29865761616861,29.52447506922009
-82.29940761616864,29.524346952338938
-82.29940761616864,29.52255498851725
-82.29940761616864,29.520763024695565
-82.29940761616864,29.518971060873877
-82.29940761616864,29.517179097052193
-82.29940761616864,29.533434888328525
-82.29940761616864,29.533434888328525
-82.29940617506468,29.533420256554376
-82.29940190713359,29.533406187071098
-82.29939497638956,29.53339322056105
-82.29938564917722,29.533381855319938
-82.29937428393612,29.533372528107602
-82.29936131742606,29.533365597363588
-82.29934724794279,29.533361329432495
-82.29933261616864,29.533359888328526
-82.29931798439449,29.533361329432495
-82.29930391491122,29.533365597363588
-82.29929094840116,29.533372528107602
-82.29927958316006,29.533381855319938
-82.29927025594772,29.53339322056105
-82.2992633252037,29.533406187071098
-82.29925905727261,29.533420256554376
-82.29940761616864,29.53442183783178
-82.29940761616864,29.533434888328525
-82.29940761616864,29.535398618674634
-82.29940761616864,29.53736234902074
-82.29940761616864,29.539326079366848
-82.29940761616864,29.541289809712953
-82.2985076161686,29.524603186101242
-82.2985076161686,29.524603186101242
-82.29850617506465,29.52461781787539
-82.29850190713356,29.52463188735867
-82.29849497638953,29.52464485386872
-82.2984856491772,29.52465621910983
-82.29847428393609,29.524665546322165
-82.29846131742603,29.52467247706618
-82.29844724794276,29.524676744997272
-82.29843261616861,29.52467818610124
-82.29841798439446,29.524676744997272
-82.29840391491119,29.52467247706618
-82.29839094840113,29.524665546322165
-82.29837958316003,29.52465621910983
-82.29837025594769,29.52464485386872
-82.29836332520367,29.52463188735867
-82.29835905727258,29.52461781787539
-82.2983576161686,29.524731302982392
-82.29940761616864,29.524603186101242
-82.29940761616864,29.522136606227924
-82.29940761616864,29.51967002635461
-82.29940761616864,29.517203446481293
-82.29940761616864,29.51473686660798
-82.29940761616864,29.537064202348972
-82.29940761616864,29.537064202348972
-82.29940617506468,29.537049570574823
-82.29940190713359,29.537035501091545
-82.29939497638956,29.537022534581496
-82.29938564917722,29.537011169340385
-82.29937428393612,29.53700184212805
-82.29936131742606,29.536994911384035
-82.29934724794279,29.536990643452942
-82.29933261616864,29.536989202348973
-82.29931798439449,29.536990643452942
-82.29930391491122,29.536994911384035
-82.29929094840116,29.53700184212805
-82.29927958316006,29.537011169340385
-82.29927025594772,29.537022534581496
-82.2992633252037,29.537035501091545
-82.29925905727261,29.537049570574823
-82.29925761616863,29.533242296787837
-82.29925761616863,29.537064202348972
-82.29925761616863,29.538740777733832
-82.29925761616863,29.54041735311869
-82.29925761616863,29.542093928503547
-82.29925761616863,29.543770503888407
-82.2982076161686,29.524859419863542
-82.2982076161686,29.524859419863542
-82.29820617506464,29.524874051637692
-82.29820190713355,29.52488812112097
-82.29819497638952,29.52490108763102
-82.29818564917719,29.52491245287213
-82.29817428393608,29.524921780084465
-82.29816131742602,29.52492871082848
-82.29814724794275,29.524932978759573
-82.2981326161686,29.52493441986354
-82.29811798439445,29.524932978759573
-82.29810391491118,29.52492871082848
-82.29809094840112,29.524921780084465
-82.29807958316002,29.52491245287213
-82.29807025594768,29.52490108763102
-82.29806332520366,29.52488812112097
-82.29805905727257,29.524874051637692
-82.29805761616859,29.524987536744696
-82.29925761616863,29.524859419863542
-82.29925761616863,29.522912281845915
-82.29925761616863,29.520965143828292
-82.29925761616863,29.519018005810665
-82.29925761616863,29.51707086779304
-82.29925761616863,29.534723226832824
-82.29925761616863,29.534723226832824
-82.29925617506467,29.534708595058675
-82.29925190713358,29.534694525575397
-82.29924497638956,29.534681559065348
-82.29923564917722,29.534670193824237
-82.29922428393611,29.5346608666119
-82.29921131742606,29.534653935867887
-82.29919724794279,29.534649667936794
-82.29918261616864,29.534648226832825
-82.29916798439449,29.534649667936794
-82.29915391491122,29.534653935867887
-82.29914094840116,29.5346608666119
-82.29912958316005,29.534670193824237
-82.29912025594771,29.534681559065348
-82.29911332520369,29.534694525575397
-82.2991090572726,29.534708595058675
-82.29925761616863,29.534723226832824
-82.29925761616863,29.537092504314003
-82.29925761616863,29.539461781795183
-82.29925761616863,29.541831059276365
-82.29925761616863,29.544200336757545
-82.29790761616859,29.525115653625846
